UserID,EventTime,SKU
43252,2018-11-26 20:04:02,12031
43252,2018-11-22 16:11:40,12036
43252,2018-12-01 23:15:36,12039
43252,2018-12-01 23:16:35,12039
43252,2018-12-01 23:18:02,12039
43252,2018-12-12 15:34:28,12042
43252,2018-12-09 01:35:27,12045
43252,2018-11-20 11:48:41,12050
43252,2018-12-03 15:25:26,12050
43252,2018-11-23 23:38:08,12051
43252,2018-11-22 13:49:06,12055
43252,2018-11-22 13:56:50,12055
43252,2018-11-24 16:26:39,12067
43252,2018-12-12 15:12:27,12079
43252,2018-11-18 14:37:38,12084
43252,2018-12-09 01:00:21,12084
43252,2018-11-18 14:16:33,12143
43252,2018-11-18 14:20:45,12143
43252,2018-11-18 14:45:57,12150
43252,2018-11-26 19:59:00,12155
43252,2018-11-30 12:47:41,12221
43252,2018-12-09 01:19:01,12247
43253,2018-11-26 23:26:11,12031
43253,2018-11-22 19:04:58,12036
43253,2018-11-20 12:08:53,12040
43253,2018-12-13 13:32:00,12042
43253,2018-12-12 22:41:24,12045
43253,2018-11-20 16:31:46,12050
43253,2018-12-03 16:50:32,12050
43253,2018-11-27 18:39:18,12051
43253,2018-11-27 18:40:59,12051
43253,2018-11-27 20:08:46,12051
43253,2018-11-30 15:04:16,12055
43253,2018-11-27 00:33:05,12062
43253,2018-12-09 12:35:21,12067
43253,2018-11-26 23:22:26,12068
43253,2018-11-19 22:30:51,12080
43253,2018-11-18 14:48:34,12084
43253,2018-11-19 22:34:59,12084
43253,2018-11-20 17:59:54,12092
43253,2018-11-23 17:09:41,12092
43253,2018-11-26 18:18:35,12092
43253,2018-11-26 18:19:48,12092
43253,2018-12-13 13:26:34,12103
43253,2018-11-19 22:36:43,12109
43253,2018-11-27 18:14:46,12109
43253,2018-11-20 15:21:57,12136
43253,2018-11-20 15:22:05,12136
43253,2018-12-13 13:31:20,12136
43253,2018-11-26 23:56:05,12143
43253,2018-11-26 23:24:10,12144
43253,2018-11-26 23:19:00,12146
43253,2018-12-14 02:50:00,12151
43253,2018-11-27 00:24:11,12161
43253,2018-11-27 00:25:24,12161
43253,2018-11-27 00:44:25,12172
43253,2018-11-30 15:09:15,12172
43253,2018-11-19 23:07:38,12191
43253,2018-11-27 00:37:34,12217
43253,2018-12-15 01:47:14,12221
43253,2018-12-14 02:50:28,12224
43253,2018-11-19 22:30:31,12229
43253,2018-11-30 13:12:34,12242
43253,2018-11-19 23:36:15,12247
43253,2018-11-26 23:46:28,12247
43253,2018-11-27 17:58:54,12254
43253,2018-11-26 22:59:01,12255
43253,2018-11-26 23:34:42,12259
43254,2018-11-29 09:57:29,12031
43254,2018-11-25 01:02:06,12036
43254,2018-11-20 18:20:08,12040
43254,2018-12-13 19:18:47,12042
43254,2018-12-13 19:20:20,12042
43254,2018-12-13 20:34:18,12045
43254,2018-12-13 20:37:17,12045
43254,2018-11-20 21:04:20,12050
43254,2018-12-03 17:07:47,12050
43254,2018-12-02 01:10:55,12051
43254,2018-12-02 14:08:21,12055
43254,2018-12-02 23:34:17,12068
43254,2018-12-15 20:21:22,12080
43254,2018-11-19 09:25:18,12084
43254,2018-11-29 09:50:12,12084
43254,2018-11-17 21:04:10,12092
43254,2018-11-18 10:41:54,12096
43254,2018-11-27 13:25:45,12096
43254,2018-11-18 10:24:06,12103
43254,2018-12-13 20:23:55,12113
43254,2018-11-17 15:51:38,12119
43254,2018-11-17 15:52:38,12119
43254,2018-12-13 20:18:01,12122
43254,2018-11-25 01:04:55,12136
43254,2018-12-13 19:18:01,12136
43254,2018-12-13 20:35:12,12137
43254,2018-12-13 20:36:56,12137
43254,2018-12-13 20:37:32,12137
43254,2018-11-17 21:09:28,12152
43254,2018-11-17 21:11:52,12152
43254,2018-12-15 20:34:46,12152
43254,2018-11-18 10:29:20,12164
43254,2018-11-20 17:16:20,12204
43254,2018-12-03 17:07:22,12204
43254,2018-12-14 21:59:43,12204
43254,2018-12-02 00:59:09,12220
43254,2018-12-13 20:02:34,12243
43254,2018-12-13 20:04:41,12243
43254,2018-11-25 00:56:46,12264
43255,2018-12-10 12:06:42,12031
43255,2018-12-10 12:31:43,12031
43255,2018-11-26 18:19:53,12036
43255,2018-11-21 19:09:53,12040
43255,2018-12-15 01:28:08,12042
43255,2018-11-17 20:57:05,12046
43255,2018-11-21 07:31:29,12050
43255,2018-12-03 17:19:42,12050
43255,2018-12-03 14:04:15,12051
43255,2018-12-12 03:26:37,12055
43255,2018-12-15 01:20:39,12063
43255,2018-12-15 03:34:09,12063
43255,2018-12-15 03:45:49,12063
43255,2018-12-09 12:57:49,12068
43255,2018-11-22 20:50:42,12081
43255,2018-11-19 10:00:47,12084
43255,2018-11-19 09:58:36,12109
43255,2018-12-15 01:27:13,12136
43255,2018-12-15 03:38:51,12136
43255,2018-12-15 04:00:55,12136
43255,2018-12-15 16:32:19,12136
43255,2018-11-27 21:22:34,12204
43255,2018-12-12 03:28:31,12207
43255,2018-12-10 12:16:19,12217
43255,2018-12-10 12:18:10,12217
43255,2018-12-10 12:20:53,12217
43255,2018-12-04 12:19:11,12234
43255,2018-12-04 12:25:42,12234
43255,2018-12-09 13:07:04,12257
43256,2018-12-10 12:33:00,12031
43256,2018-12-10 12:57:09,12031
43256,2018-11-28 22:10:15,12036
43256,2018-11-22 19:15:31,12040
43256,2018-12-15 20:58:05,12042
43256,2018-11-28 22:01:49,12044
43256,2018-11-18 06:48:44,12046
43256,2018-11-21 13:49:22,12050
43256,2018-12-03 18:24:58,12050
43256,2018-12-04 00:07:49,12051
43256,2018-12-04 00:08:32,12051
43256,2018-11-21 21:53:45,12056
43256,2018-11-21 21:55:36,12056
43256,2018-12-12 00:55:41,12068
43256,2018-12-12 00:57:25,12068
43256,2018-11-22 23:09:24,12081
43256,2018-11-19 18:37:28,12084
43256,2018-11-21 21:56:36,12093
43256,2018-12-15 20:56:43,12136
43256,2018-11-22 19:16:42,12151
43256,2018-11-19 18:36:41,12164
43256,2018-11-21 14:14:45,12164
43256,2018-11-21 14:15:15,12164
43256,2018-11-21 21:18:39,12215
43256,2018-12-10 12:56:49,12217
43256,2018-12-01 23:53:54,12221
43256,2018-11-21 21:43:39,12243
43256,2018-12-03 23:33:28,12243
43256,2018-12-01 23:57:36,12255
43257,2018-12-11 21:29:45,12031
43257,2018-12-03 20:37:31,12036
43257,2018-11-22 21:56:48,12040
43257,2018-11-21 19:03:07,12043
43257,2018-11-18 20:54:01,12046
43257,2018-11-21 17:30:49,12050
43257,2018-12-04 07:54:03,12050
43257,2018-12-05 18:22:55,12051
43257,2018-12-07 19:19:48,12056
43257,2018-12-07 19:19:33,12058
43257,2018-12-11 14:41:31,12069
43257,2018-12-03 14:41:55,12081
43257,2018-11-20 01:05:39,12084
43257,2018-11-20 01:14:38,12084
43257,2018-11-18 21:20:48,12142
43257,2018-12-07 19:20:01,12163
43257,2018-12-11 14:39:45,12218
43257,2018-12-03 14:18:56,12242
43257,2018-12-03 14:26:52,12242
43257,2018-12-03 14:55:34,12264
43258,2018-11-26 11:04:28,12032
43258,2018-11-26 11:07:57,12117
43258,2018-11-26 11:08:52,12117
43259,2018-12-08 13:51:02,12032
43259,2018-12-08 13:48:41,12179
43260,2018-11-26 01:37:06,12033
43261,2018-12-12 18:55:55,12033
43262,2018-12-13 15:29:28,12033
43262,2018-12-13 15:36:41,12187
43263,2018-12-16 13:23:57,12033
43263,2018-12-16 13:19:30,12084
43263,2018-12-16 13:24:59,12131
43264,2018-11-20 08:07:45,12034
43264,2018-11-20 08:09:50,12034
43264,2018-11-20 08:10:43,12136
43264,2018-11-20 08:28:28,12167
43265,2018-11-22 19:03:47,12034
43266,2018-12-12 19:56:56,12034
43267,2018-12-14 11:19:01,12034
43268,2018-12-16 14:28:12,12034
43268,2018-12-16 14:28:41,12034
43268,2018-12-16 14:39:04,12034
43268,2018-12-16 14:53:39,12034
43269,2018-11-20 23:34:16,12035
43270,2018-11-26 08:45:04,12035
43270,2018-11-26 08:40:48,12078
43271,2018-11-21 19:02:18,12036
43271,2018-11-21 18:35:34,12050
43271,2018-11-21 19:04:40,12143
43271,2018-11-21 18:31:27,12204
43271,2018-11-21 18:35:22,12204
43271,2018-11-21 19:15:03,12221
43271,2018-11-21 19:17:49,12255
43272,2018-12-07 17:43:32,12036
43273,2018-12-08 12:45:58,12036
43273,2018-12-08 12:54:43,12248
43274,2018-12-09 23:54:36,12036
43274,2018-12-13 15:20:00,12036
43274,2018-11-29 23:56:12,12047
43274,2018-12-10 01:24:41,12101
43274,2018-12-10 01:26:02,12104
43274,2018-12-03 15:23:53,12110
43274,2018-12-10 01:25:16,12110
43274,2018-12-07 13:11:21,12114
43274,2018-12-09 23:35:47,12114
43274,2018-12-10 23:42:55,12114
43274,2018-12-10 01:42:44,12116
43274,2018-12-10 01:33:11,12126
43274,2018-11-29 23:55:44,12148
43274,2018-12-10 01:51:18,12186
43274,2018-12-03 15:17:03,12224
43274,2018-12-13 15:22:41,12229
43274,2018-12-10 01:22:10,12245
43275,2018-12-10 12:54:25,12036
43275,2018-12-10 17:57:10,12036
43275,2018-12-10 12:51:20,12050
43275,2018-12-10 13:08:58,12204
43276,2018-12-12 14:16:14,12036
43277,2018-12-15 10:20:36,12036
43278,2018-11-20 13:06:19,12037
43279,2018-12-06 00:43:35,12037
43279,2018-12-06 04:26:55,12037
43280,2018-12-15 19:27:12,12037
43280,2018-11-21 13:49:06,12137
43280,2018-11-21 13:56:03,12143
43280,2018-11-21 14:09:10,12155
43280,2018-11-25 16:43:41,12211
43281,2018-11-22 00:39:29,12038
43281,2018-11-22 00:29:19,12068
43281,2018-11-23 23:48:26,12072
43281,2018-11-23 23:52:12,12124
43281,2018-11-24 00:06:02,12124
43282,2018-11-22 14:15:28,12038
43283,2018-12-07 10:31:22,12038
43283,2018-12-07 10:12:58,12050
43283,2018-12-04 10:35:10,12051
43283,2018-12-04 10:47:38,12051
43283,2018-12-04 10:33:48,12058
43283,2018-12-07 10:02:25,12063
43283,2018-11-21 16:27:30,12070
43283,2018-11-30 11:13:33,12074
43283,2018-12-04 10:50:21,12077
43283,2018-12-03 14:45:14,12095
43283,2018-12-04 09:24:11,12095
43283,2018-11-30 11:03:23,12097
43283,2018-11-19 13:07:28,12103
43283,2018-11-19 13:08:24,12145
43283,2018-11-29 17:09:43,12151
43283,2018-12-04 10:30:11,12226
43283,2018-12-07 10:09:57,12226
43283,2018-11-29 14:40:49,12241
43283,2018-11-29 14:44:54,12241
43283,2018-11-29 15:06:57,12241
43284,2018-11-26 10:18:44,12040
43284,2018-12-09 13:34:22,12053
43284,2018-12-14 20:59:52,12053
43284,2018-11-26 10:19:18,12124
43284,2018-11-26 10:04:01,12133
43284,2018-11-26 10:29:28,12160
43284,2018-11-26 10:07:25,12198
43285,2018-11-27 07:45:26,12040
43285,2018-11-27 07:54:26,12139
43285,2018-11-27 07:47:12,12256
43286,2018-12-01 21:19:33,12040
43287,2018-12-03 20:01:00,12040
43287,2018-12-03 19:53:57,12064
43287,2018-12-03 19:49:43,12069
43287,2018-12-03 19:50:40,12069
43287,2018-12-03 19:46:27,12246
43287,2018-12-03 19:47:17,12246
43288,2018-12-05 10:02:16,12040
43288,2018-12-05 10:02:34,12073
43289,2018-12-07 13:04:58,12040
43289,2018-12-07 13:08:41,12084
43290,2018-12-13 17:46:46,12040
43291,2018-12-16 23:40:54,12040
43291,2018-12-16 23:42:27,12040
43291,2018-12-16 23:49:03,12069
43291,2018-12-16 23:42:43,12075
43291,2018-12-16 23:50:47,12075
43291,2018-12-16 23:52:03,12075
43291,2018-12-16 23:52:35,12118
43291,2018-12-16 23:23:46,12124
43291,2018-12-16 23:31:57,12133
43291,2018-12-16 23:22:01,12150
43291,2018-12-16 23:55:01,12151
43291,2018-12-16 23:45:22,12160
43291,2018-12-16 23:18:00,12180
43291,2018-12-16 23:20:30,12180
43291,2018-12-16 23:56:03,12212
43291,2018-12-16 23:59:33,12212
43292,2018-11-25 22:26:34,12041
43292,2018-12-08 09:44:44,12158
43293,2018-11-28 17:36:40,12041
43293,2018-11-20 20:22:41,12153
43294,2018-12-07 15:44:30,12041
43294,2018-12-08 00:27:32,12041
43294,2018-12-08 00:13:37,12042
43294,2018-12-07 15:43:55,12163
43294,2018-12-07 15:44:58,12163
43294,2018-12-08 00:26:44,12163
43294,2018-12-08 00:32:08,12163
43295,2018-12-15 23:04:50,12041
43295,2018-12-15 23:13:41,12042
43295,2018-12-15 23:10:50,12119
43295,2018-12-15 23:05:58,12147
43295,2018-12-15 23:14:55,12254
43296,2018-11-17 10:26:44,12042
43296,2018-11-17 10:39:31,12158
43297,2018-11-17 10:46:25,12042
43298,2018-11-17 14:03:53,12042
43298,2018-11-17 14:13:48,12055
43298,2018-11-17 14:04:22,12136
43298,2018-11-17 14:12:08,12242
43299,2018-11-17 23:05:06,12042
43299,2018-11-17 23:10:27,12156
43300,2018-11-19 15:13:54,12042
43300,2018-11-19 14:49:37,12054
43301,2018-11-19 17:14:18,12042
43301,2018-11-19 17:14:49,12254
43302,2018-11-19 17:41:47,12042
43303,2018-11-19 22:15:36,12042
43303,2018-11-19 22:23:08,12084
43303,2018-11-19 22:16:43,12136
43303,2018-11-17 10:36:53,12138
43303,2018-11-17 11:19:56,12138
43303,2018-11-17 11:56:16,12138
43303,2018-11-17 12:35:30,12138
43303,2018-11-19 22:20:49,12158
43303,2018-11-19 22:22:11,12158
43303,2018-11-19 22:21:35,12258
43304,2018-11-19 22:33:28,12042
43304,2018-11-21 23:00:59,12049
43304,2018-11-21 17:31:35,12150
43304,2018-11-21 17:31:54,12150
43304,2018-11-19 22:34:31,12162
43305,2018-11-20 18:02:29,12042
43306,2018-11-21 20:53:22,12042
43306,2018-11-21 20:50:22,12158
43307,2018-11-21 21:45:31,12042
43307,2018-11-21 21:47:06,12234
43308,2018-11-22 03:16:20,12042
43309,2018-11-22 13:54:30,12042
43309,2018-11-22 15:25:47,12048
43309,2018-11-22 15:45:37,12055
43309,2018-11-22 15:44:39,12126
43309,2018-11-22 15:37:07,12152
43309,2018-11-22 15:29:33,12173
43310,2018-11-22 14:11:08,12042
43311,2018-11-22 16:05:25,12042
43312,2018-11-22 16:50:04,12042
43312,2018-11-21 15:49:44,12103
43313,2018-11-23 08:41:06,12042
43313,2018-11-20 09:11:23,12084
43313,2018-11-20 09:11:52,12158
43313,2018-11-23 08:36:57,12217
43314,2018-11-24 13:22:35,12042
43314,2018-11-24 14:03:44,12042
43315,2018-11-24 13:37:42,12042
43316,2018-11-24 23:02:42,12042
43316,2018-11-24 23:03:29,12136
43316,2018-11-24 22:48:12,12226
43317,2018-11-25 02:14:49,12042
43318,2018-11-26 17:38:21,12042
43318,2018-11-26 17:18:15,12050
43318,2018-11-26 17:52:49,12136
43318,2018-11-26 18:00:43,12143
43318,2018-11-26 17:42:56,12152
43318,2018-11-26 17:53:51,12152
43318,2018-11-26 17:44:32,12200
43319,2018-11-26 22:43:52,12042
43319,2018-11-26 23:43:35,12063
43319,2018-11-26 22:32:59,12136
43319,2018-11-27 00:02:16,12143
43319,2018-11-26 22:44:42,12152
43319,2018-11-27 00:00:23,12187
43320,2018-11-28 10:07:38,12042
43321,2018-11-28 10:47:20,12042
43321,2018-11-26 23:34:47,12158
43322,2018-11-28 19:41:39,12042
43323,2018-11-28 19:42:00,12042
43323,2018-12-08 15:23:34,12133
43323,2018-12-08 15:29:09,12133
43323,2018-11-22 15:16:41,12152
43323,2018-11-25 14:26:54,12178
43323,2018-12-08 15:36:28,12259
43324,2018-12-01 00:54:36,12042
43324,2018-12-01 00:55:34,12042
43324,2018-12-01 00:52:56,12204
43325,2018-12-01 15:07:29,12042
43325,2018-12-01 15:54:24,12129
43326,2018-12-01 20:21:56,12042
43327,2018-12-02 12:32:19,12042
43328,2018-12-03 15:16:16,12042
43328,2018-12-03 15:20:56,12042
43329,2018-12-07 15:56:25,12042
43330,2018-12-07 18:13:35,12042
43331,2018-12-09 12:13:16,12042
43332,2018-12-09 20:58:21,12042
43332,2018-12-09 20:58:03,12254
43333,2018-12-11 19:51:37,12042
43334,2018-12-12 15:17:03,12042
43335,2018-11-22 03:23:33,12043
43336,2018-11-27 10:05:15,12043
43337,2018-11-28 13:29:30,12043
43337,2018-11-28 13:06:48,12050
43337,2018-11-28 13:54:17,12103
43338,2018-11-28 22:35:19,12043
43338,2018-12-05 18:35:01,12084
43338,2018-11-28 22:00:06,12119
43338,2018-12-05 13:48:53,12154
43338,2018-11-28 22:31:35,12158
43338,2018-12-05 17:41:45,12248
43339,2018-12-05 00:22:05,12043
43339,2018-12-05 00:23:16,12146
43340,2018-11-17 12:24:32,12044
43340,2018-11-17 12:26:29,12156
43341,2018-11-20 23:35:17,12044
43342,2018-11-26 23:06:04,12044
43342,2018-11-26 23:05:18,12109
43342,2018-11-26 23:06:43,12109
43342,2018-11-26 23:19:29,12172
43343,2018-11-27 18:33:45,12044
43343,2018-11-27 18:32:18,12084
43343,2018-11-27 18:20:21,12109
43343,2018-11-28 20:23:16,12146
43343,2018-11-27 17:40:33,12254
43344,2018-11-28 18:28:03,12044
43344,2018-11-28 18:30:12,12156
43344,2018-11-22 20:39:34,12178
43345,2018-11-29 18:29:38,12044
43345,2018-11-29 18:21:31,12084
43345,2018-11-29 18:23:40,12155
43346,2018-12-02 17:06:55,12044
43346,2018-12-06 02:35:59,12044
43346,2018-12-01 22:08:43,12047
43346,2018-12-01 20:41:25,12049
43346,2018-12-06 02:32:09,12049
43346,2018-12-01 21:12:38,12050
43346,2018-12-02 20:07:54,12113
43346,2018-12-02 20:10:05,12113
43346,2018-12-02 17:13:29,12217
43347,2018-12-07 20:26:14,12044
43347,2018-12-07 20:25:36,12097
43347,2018-12-07 19:15:09,12134
43347,2018-12-07 19:08:48,12253
43348,2018-12-13 20:30:57,12044
43348,2018-12-13 20:33:32,12089
43349,2018-12-14 14:03:14,12044
43350,2018-11-19 14:05:06,12045
43350,2018-11-19 14:23:02,12045
43350,2018-11-19 14:56:24,12167
43350,2018-11-27 18:52:14,12242
43350,2018-11-27 18:23:22,12253
43350,2018-11-19 14:44:37,12261
43351,2018-11-19 20:01:07,12045
43351,2018-11-19 20:01:31,12045
43351,2018-11-19 20:00:35,12110
43351,2018-11-19 20:01:53,12137
43352,2018-11-20 23:00:40,12045
43353,2018-11-21 18:08:56,12046
43353,2018-11-21 18:08:29,12084
43353,2018-11-21 18:10:47,12084
43354,2018-11-21 23:24:59,12046
43355,2018-12-09 08:15:37,12046
43355,2018-12-09 08:16:04,12046
43356,2018-11-28 17:18:19,12047
43356,2018-11-28 17:20:30,12064
43356,2018-11-28 17:22:21,12240
43357,2018-12-06 21:30:27,12047
43358,2018-12-11 10:53:19,12047
43359,2018-12-05 09:22:51,12048
43359,2018-12-05 09:23:24,12048
43359,2018-12-05 09:25:30,12048
43359,2018-12-05 09:28:59,12163
43359,2018-12-05 09:30:14,12163
43360,2018-12-08 02:01:31,12048
43361,2018-12-09 11:29:14,12048
43361,2018-12-09 11:29:42,12058
43362,2018-11-19 11:51:25,12049
43363,2018-11-19 13:08:48,12049
43363,2018-11-19 13:04:21,12204
43364,2018-11-19 19:53:01,12049
43364,2018-11-19 20:37:34,12050
43364,2018-11-19 20:55:26,12061
43364,2018-11-19 18:08:51,12098
43364,2018-11-19 19:37:40,12098
43364,2018-11-19 20:42:43,12143
43364,2018-11-19 14:22:15,12211
43364,2018-11-19 18:07:24,12254
43365,2018-11-20 15:37:12,12049
43365,2018-11-26 20:14:33,12050
43365,2018-11-20 15:42:56,12220
43365,2018-11-20 15:43:11,12220
43365,2018-11-20 22:54:30,12221
43366,2018-11-20 22:06:15,12049
43366,2018-11-20 22:40:36,12157
43366,2018-11-20 22:13:50,12242
43366,2018-11-20 22:01:33,12254
43367,2018-11-21 18:17:43,12049
43368,2018-11-21 19:56:54,12049
43368,2018-12-11 19:43:39,12201
43369,2018-11-22 13:26:28,12049
43369,2018-11-22 13:25:09,12242
43370,2018-11-22 20:21:27,12049
43370,2018-11-23 12:22:32,12072
43370,2018-11-23 21:45:19,12103
43370,2018-11-23 21:57:36,12142
43370,2018-11-23 21:37:25,12147
43370,2018-11-23 21:59:02,12158
43370,2018-11-23 22:02:52,12158
43370,2018-11-22 20:14:05,12220
43371,2018-11-23 10:41:13,12049
43371,2018-11-24 10:51:42,12231
43372,2018-11-24 09:41:19,12049
43372,2018-11-24 09:51:06,12102
43373,2018-11-27 15:21:45,12049
43373,2018-11-27 15:21:27,12133
43373,2018-11-27 15:41:35,12187
43373,2018-11-27 15:29:06,12216
43374,2018-11-28 20:21:02,12049
43374,2018-11-28 01:48:16,12221
43375,2018-11-30 10:28:05,12049
43375,2018-11-30 11:39:52,12104
43375,2018-11-30 11:40:10,12104
43375,2018-11-30 11:41:14,12104
43375,2018-11-30 10:27:04,12113
43375,2018-11-30 11:25:15,12155
43375,2018-11-30 11:58:13,12240
43376,2018-11-30 22:40:45,12049
43376,2018-11-30 22:38:08,12133
43376,2018-12-01 23:31:12,12169
43377,2018-12-02 11:09:18,12049
43378,2018-12-02 22:03:42,12049
43379,2018-12-03 13:10:02,12049
43380,2018-12-06 14:22:49,12049
43381,2018-12-10 09:13:36,12049
43381,2018-12-10 08:50:44,12204
43382,2018-12-11 21:13:30,12049
43383,2018-12-16 14:34:51,12049
43383,2018-12-16 14:30:08,12081
43383,2018-12-16 14:49:58,12168
43383,2018-12-16 20:24:36,12242
43383,2018-12-16 14:33:15,12254
43383,2018-12-16 20:05:44,12254
43384,2018-11-17 02:13:21,12050
43384,2018-11-17 02:30:18,12264
43385,2018-11-17 03:00:15,12050
43385,2018-11-17 02:49:56,12198
43386,2018-11-18 19:13:15,12050
43387,2018-11-18 19:16:55,12050
43388,2018-11-18 20:10:22,12050
43389,2018-11-18 20:20:57,12050
43390,2018-11-18 21:25:45,12050
43391,2018-11-19 13:56:24,12050
43392,2018-11-19 14:09:05,12050
43393,2018-11-19 15:40:36,12050
43394,2018-11-19 17:26:00,12050
43394,2018-11-19 17:26:51,12204
43395,2018-11-19 19:15:19,12050
43396,2018-11-19 19:51:39,12050
43396,2018-11-26 15:52:52,12107
43396,2018-11-19 19:52:46,12221
43397,2018-11-20 08:29:39,12050
43398,2018-11-21 19:44:07,12050
43399,2018-11-21 20:27:28,12050
43400,2018-11-21 20:50:42,12050
43400,2018-11-21 20:53:28,12050
43401,2018-11-22 13:21:14,12050
43401,2018-11-27 23:27:52,12183
43402,2018-11-22 13:37:07,12050
43403,2018-11-22 13:39:14,12050
43403,2018-11-22 15:46:54,12248
43404,2018-11-22 13:42:22,12050
43405,2018-11-22 14:01:58,12050
43405,2018-11-22 14:02:38,12050
43405,2018-11-22 14:04:35,12050
43405,2018-11-24 10:28:43,12092
43405,2018-11-24 10:30:26,12092
43405,2018-11-21 18:15:14,12142
43405,2018-11-21 18:15:46,12240
43405,2018-11-21 18:16:23,12240
43405,2018-11-21 18:16:46,12261
43406,2018-11-22 22:20:02,12050
43406,2018-11-22 22:23:23,12050
43407,2018-11-23 01:14:11,12050
43408,2018-11-23 10:17:58,12050
43408,2018-11-23 11:56:36,12050
43409,2018-11-23 12:18:21,12050
43410,2018-11-23 17:23:22,12050
43410,2018-11-23 17:32:29,12050
43410,2018-11-23 17:22:51,12204
43411,2018-11-23 22:35:08,12050
43411,2018-11-23 22:34:05,12204
43412,2018-11-23 23:19:32,12050
43413,2018-11-24 04:30:39,12050
43414,2018-11-24 09:52:25,12050
43415,2018-11-24 12:32:10,12050
43415,2018-11-24 12:28:59,12255
43416,2018-11-24 23:12:11,12050
43417,2018-11-25 15:04:34,12050
43417,2018-11-25 15:53:55,12050
43417,2018-11-25 15:49:28,12145
43418,2018-11-25 15:14:19,12050
43418,2018-11-25 15:09:19,12084
43418,2018-11-25 15:15:40,12186
43419,2018-11-26 13:57:54,12050
43420,2018-11-26 20:42:32,12050
43421,2018-11-26 22:34:07,12050
43422,2018-11-27 10:15:35,12050
43423,2018-11-27 23:54:53,12050
43424,2018-11-28 13:09:20,12050
43425,2018-11-28 18:00:07,12050
43426,2018-11-28 20:15:24,12050
43426,2018-11-28 20:17:58,12204
43427,2018-11-28 21:31:52,12050
43428,2018-11-29 13:53:51,12050
43429,2018-11-30 15:12:05,12050
43429,2018-11-29 17:18:58,12061
43429,2018-11-29 00:31:59,12233
43430,2018-12-01 10:26:53,12050
43431,2018-12-01 17:10:28,12050
43432,2018-12-01 22:25:47,12050
43433,2018-12-02 00:13:40,12050
43434,2018-12-02 03:45:17,12050
43435,2018-12-02 10:07:02,12050
43436,2018-12-02 12:20:01,12050
43436,2018-12-02 12:22:06,12248
43437,2018-12-02 19:46:19,12050
43438,2018-12-02 20:43:22,12050
43438,2018-12-02 20:40:29,12109
43438,2018-12-02 20:52:18,12109
43439,2018-12-03 11:11:19,12050
43440,2018-12-03 13:09:08,12050
43441,2018-12-03 13:35:13,12050
43442,2018-12-03 14:19:24,12050
43443,2018-12-04 11:01:44,12050
43444,2018-12-04 18:44:49,12050
43444,2018-12-04 19:09:06,12224
43445,2018-12-04 21:52:16,12050
43445,2018-12-04 14:34:37,12181
43445,2018-12-04 22:04:23,12221
43446,2018-12-04 23:04:14,12050
43447,2018-12-05 00:20:06,12050
43448,2018-12-05 09:27:52,12050
43449,2018-12-05 10:09:53,12050
43450,2018-12-06 10:24:30,12050
43451,2018-12-06 11:00:59,12050
43451,2018-12-06 11:00:11,12204
43452,2018-12-06 14:21:41,12050
43453,2018-12-06 14:32:45,12050
43453,2018-12-06 14:31:58,12204
43454,2018-12-06 22:57:18,12050
43455,2018-12-07 10:50:01,12050
43456,2018-12-07 17:44:33,12050
43457,2018-12-07 19:21:19,12050
43458,2018-12-07 19:46:51,12050
43459,2018-12-08 09:36:14,12050
43460,2018-12-08 10:09:42,12050
43461,2018-12-08 11:39:08,12050
43461,2018-12-08 11:39:44,12100
43461,2018-12-08 11:40:15,12214
43462,2018-12-08 17:33:58,12050
43463,2018-12-09 00:54:31,12050
43464,2018-12-09 03:02:44,12050
43464,2018-12-09 03:04:04,12221
43465,2018-12-09 19:04:53,12050
43465,2018-12-09 19:06:07,12050
43466,2018-12-09 22:37:16,12050
43466,2018-12-09 23:14:43,12242
43467,2018-12-09 23:08:37,12050
43468,2018-12-10 19:33:21,12050
43469,2018-12-11 11:14:10,12050
43469,2018-12-11 18:23:34,12050
43469,2018-12-12 09:45:37,12129
43470,2018-12-11 14:11:01,12050
43471,2018-12-11 14:45:06,12050
43472,2018-12-12 14:09:08,12050
43473,2018-12-12 14:40:51,12050
43474,2018-12-12 17:34:15,12050
43474,2018-12-12 17:28:25,12236
43475,2018-12-13 00:52:14,12050
43476,2018-12-13 10:14:12,12050
43477,2018-12-13 10:51:12,12050
43478,2018-12-13 12:42:53,12050
43479,2018-12-14 17:54:19,12050
43480,2018-12-15 16:23:27,12050
43480,2018-12-16 11:53:58,12221
43481,2018-12-15 21:18:22,12050
43482,2018-11-17 02:36:33,12051
43482,2018-11-17 02:38:00,12210
43483,2018-11-17 10:38:40,12051
43484,2018-11-21 18:42:01,12051
43484,2018-11-21 18:46:08,12051
43485,2018-11-21 22:34:11,12051
43485,2018-11-21 22:04:14,12084
43485,2018-11-21 22:16:24,12143
43485,2018-11-21 22:15:16,12186
43485,2018-11-21 22:22:49,12220
43485,2018-11-21 22:25:50,12220
43485,2018-11-21 22:28:08,12220
43485,2018-11-21 22:35:29,12243
43485,2018-11-25 17:47:36,12243
43486,2018-12-07 15:13:12,12051
43487,2018-12-07 17:36:44,12051
43487,2018-12-07 00:24:33,12113
43487,2018-12-07 00:25:55,12156
43488,2018-12-14 01:52:32,12051
43488,2018-12-14 02:13:35,12068
43488,2018-12-14 01:29:59,12072
43488,2018-12-14 01:09:18,12087
43488,2018-12-14 01:10:57,12087
43488,2018-12-14 01:41:50,12112
43489,2018-12-16 23:42:37,12051
43489,2018-12-16 23:41:07,12216
43489,2018-12-16 23:45:20,12219
43490,2018-12-15 17:26:42,12052
43491,2018-12-04 10:14:02,12053
43491,2018-11-18 14:30:46,12054
43491,2018-11-19 11:19:25,12054
43491,2018-11-20 14:10:56,12054
43491,2018-11-18 14:26:36,12056
43491,2018-11-18 14:15:57,12059
43491,2018-11-18 14:20:01,12059
43491,2018-11-18 14:20:58,12059
43491,2018-11-18 14:22:36,12059
43491,2018-11-18 14:22:43,12059
43491,2018-11-18 14:25:05,12059
43491,2018-11-18 15:06:48,12059
43491,2018-11-19 14:58:02,12059
43491,2018-11-19 15:00:30,12059
43491,2018-11-19 15:02:23,12059
43491,2018-11-20 14:10:33,12059
43491,2018-11-20 14:39:29,12059
43491,2018-11-18 15:26:52,12076
43491,2018-11-18 14:23:17,12163
43491,2018-11-18 14:27:20,12163
43491,2018-11-18 18:08:37,12245
43491,2018-11-28 13:27:59,12245
43492,2018-12-07 17:44:28,12053
43492,2018-12-07 17:44:41,12260
43493,2018-12-12 16:07:24,12053
43493,2018-12-12 15:58:29,12215
43493,2018-12-12 15:56:46,12235
43494,2018-12-12 20:38:21,12053
43494,2018-12-12 20:37:16,12226
43494,2018-12-12 20:40:34,12226
43495,2018-12-12 21:38:05,12053
43496,2018-12-13 16:41:00,12053
43497,2018-11-17 17:50:38,12054
43497,2018-11-17 17:45:55,12132
43497,2018-11-17 17:49:26,12132
43497,2018-11-17 17:50:25,12132
43497,2018-11-17 17:46:59,12143
43497,2018-11-17 17:48:34,12143
43497,2018-11-17 17:52:26,12152
43498,2018-11-17 19:15:16,12054
43498,2018-11-17 19:09:33,12092
43499,2018-11-20 16:12:04,12054
43500,2018-11-21 23:44:30,12054
43501,2018-11-22 13:30:24,12054
43501,2018-11-22 13:32:17,12054
43502,2018-11-23 20:04:22,12054
43503,2018-11-25 16:01:54,12054
43503,2018-11-25 16:02:56,12221
43504,2018-11-28 20:56:17,12054
43504,2018-11-28 20:59:13,12054
43504,2018-11-28 20:57:19,12077
43504,2018-11-28 21:17:40,12081
43504,2018-11-28 20:21:58,12114
43504,2018-11-28 20:39:46,12209
43504,2018-11-28 20:40:35,12209
43504,2018-11-28 20:41:02,12209
43505,2018-11-29 18:48:41,12054
43506,2018-12-01 21:50:17,12054
43507,2018-12-03 18:04:24,12054
43507,2018-12-03 18:06:38,12152
43508,2018-12-05 22:13:37,12054
43509,2018-12-08 21:58:00,12054
43510,2018-12-08 23:42:16,12054
43510,2018-12-04 16:47:37,12082
43510,2018-12-04 17:03:59,12161
43510,2018-12-04 17:02:37,12172
43511,2018-12-14 02:30:20,12054
43512,2018-12-12 17:26:09,12057
43512,2018-12-12 17:25:05,12225
43512,2018-12-12 17:26:37,12225
43513,2018-11-18 21:56:40,12058
43514,2018-11-28 11:47:45,12058
43515,2018-12-12 22:58:33,12058
43516,2018-11-21 08:27:17,12059
43517,2018-11-24 18:48:50,12059
43518,2018-12-09 10:35:44,12059
43518,2018-12-09 10:28:14,12247
43519,2018-12-11 11:35:53,12059
43520,2018-11-18 20:19:36,12060
43521,2018-11-23 23:28:56,12060
43521,2018-11-23 23:01:06,12112
43521,2018-11-23 22:58:12,12191
43521,2018-11-23 23:03:03,12235
43522,2018-12-03 13:44:06,12060
43522,2018-12-02 13:32:43,12146
43522,2018-12-02 09:39:33,12150
43522,2018-12-02 14:02:34,12161
43522,2018-12-02 15:02:11,12201
43523,2018-12-06 14:01:05,12060
43524,2018-12-08 11:00:50,12060
43525,2018-11-17 23:35:59,12061
43525,2018-11-17 12:38:20,12146
43525,2018-11-17 23:33:28,12155
43526,2018-11-20 10:09:34,12061
43527,2018-11-26 19:22:21,12061
43528,2018-11-27 21:44:20,12061
43528,2018-11-27 22:56:35,12061
43529,2018-11-23 15:02:43,12062
43529,2018-11-17 23:46:06,12155
43529,2018-11-23 14:15:03,12172
43530,2018-12-09 13:12:47,12062
43531,2018-12-09 20:21:05,12062
43531,2018-11-21 23:10:34,12113
43531,2018-11-21 23:14:42,12113
43531,2018-11-21 23:30:25,12155
43531,2018-12-09 20:13:01,12242
43532,2018-12-11 19:43:41,12062
43532,2018-12-11 21:07:14,12258
43533,2018-11-19 15:05:33,12063
43533,2018-11-19 15:04:07,12136
43533,2018-11-19 15:08:02,12136
43533,2018-11-19 15:06:25,12227
43534,2018-11-26 14:56:08,12063
43534,2018-11-26 14:55:56,12152
43535,2018-11-27 16:16:35,12063
43536,2018-11-29 11:41:44,12063
43537,2018-12-01 11:49:25,12063
43538,2018-12-05 04:34:23,12063
43538,2018-12-05 03:35:13,12109
43538,2018-12-05 13:27:26,12136
43539,2018-12-10 20:56:08,12063
43539,2018-12-10 20:54:59,12136
43539,2018-12-10 20:53:56,12226
43540,2018-12-11 20:09:58,12063
43540,2018-12-11 20:10:21,12136
43541,2018-12-12 16:44:18,12063
43541,2018-12-12 16:48:54,12063
43541,2018-12-12 16:43:19,12136
43541,2018-12-12 16:44:37,12136
43541,2018-12-12 16:44:59,12227
43541,2018-12-12 16:52:42,12227
43542,2018-11-18 07:34:33,12064
43543,2018-11-19 13:39:17,12064
43544,2018-11-21 13:13:55,12064
43545,2018-11-21 17:53:30,12064
43546,2018-11-21 18:17:50,12064
43547,2018-11-21 19:43:16,12064
43548,2018-11-21 20:02:25,12064
43548,2018-11-21 20:02:20,12254
43549,2018-11-22 13:59:06,12064
43550,2018-11-22 14:35:37,12064
43551,2018-11-22 19:13:54,12064
43552,2018-11-22 20:47:30,12064
43552,2018-11-23 20:41:13,12089
43552,2018-11-23 21:03:43,12089
43552,2018-11-22 21:49:34,12143
43552,2018-11-23 20:52:19,12144
43552,2018-11-24 17:10:11,12144
43552,2018-11-23 20:55:43,12153
43552,2018-11-23 19:56:06,12253
43552,2018-11-23 20:50:30,12253
43553,2018-11-22 22:25:12,12064
43553,2018-11-22 22:26:51,12064
43553,2018-11-23 21:16:34,12124
43554,2018-11-27 17:28:01,12064
43554,2018-11-27 17:26:10,12253
43555,2018-12-02 08:42:19,12064
43556,2018-12-02 17:21:30,12064
43556,2018-12-02 17:46:34,12204
43557,2018-12-05 16:52:04,12064
43558,2018-12-06 19:40:02,12064
43559,2018-12-06 21:58:28,12064
43560,2018-12-07 18:40:20,12064
43560,2018-12-07 18:49:15,12075
43561,2018-12-07 19:51:36,12064
43561,2018-12-09 19:12:26,12064
43562,2018-12-13 09:36:42,12064
43562,2018-12-13 09:40:30,12064
43563,2018-12-13 15:19:30,12064
43563,2018-12-13 18:08:49,12064
43563,2018-12-13 18:08:33,12072
43563,2018-12-13 18:11:00,12072
43564,2018-12-13 21:18:14,12064
43564,2018-11-29 13:30:05,12075
43564,2018-11-21 21:14:25,12118
43564,2018-11-29 13:27:46,12133
43564,2018-11-29 13:26:05,12138
43564,2018-11-29 13:38:04,12139
43565,2018-12-05 12:18:34,12065
43566,2018-12-06 12:47:51,12065
43567,2018-12-10 17:07:46,12065
43568,2018-11-28 21:07:03,12066
43568,2018-11-28 21:09:32,12066
43568,2018-11-28 21:04:12,12149
43568,2018-11-28 21:06:22,12223
43569,2018-11-17 20:04:15,12067
43570,2018-11-18 21:42:23,12067
43571,2018-11-20 11:41:41,12067
43571,2018-11-20 11:41:53,12067
43572,2018-11-21 18:23:05,12067
43572,2018-11-21 19:42:10,12187
43573,2018-11-21 19:06:48,12067
43574,2018-11-23 22:25:08,12067
43574,2018-11-23 22:23:47,12222
43575,2018-11-29 13:33:05,12071
43576,2018-12-03 17:08:48,12071
43576,2018-12-03 17:09:16,12071
43577,2018-12-12 09:38:19,12071
43577,2018-12-12 09:36:52,12093
43578,2018-11-23 12:55:54,12072
43578,2018-11-23 12:58:03,12072
43578,2018-11-23 11:28:10,12084
43579,2018-11-25 21:43:22,12072
43579,2018-11-28 22:07:13,12107
43579,2018-11-28 22:05:43,12137
43579,2018-11-25 21:43:01,12164
43580,2018-11-27 00:50:51,12072
43581,2018-12-04 09:08:46,12072
43582,2018-12-07 12:57:38,12072
43583,2018-12-07 16:25:39,12072
43584,2018-12-07 17:34:28,12072
43585,2018-12-07 19:08:21,12072
43586,2018-12-12 16:36:01,12072
43587,2018-12-13 02:46:39,12072
43588,2018-12-16 19:46:54,12072
43588,2018-12-11 22:09:07,12103
43588,2018-12-16 19:46:23,12103
43588,2018-12-11 22:06:58,12204
43589,2018-12-16 22:03:59,12072
43589,2018-12-16 22:07:05,12204
43590,2018-11-22 23:55:41,12073
43591,2018-11-23 23:07:19,12073
43591,2018-11-23 23:16:18,12111
43592,2018-11-27 18:41:36,12073
43592,2018-11-27 18:42:37,12111
43593,2018-11-28 01:46:45,12073
43593,2018-11-28 01:48:23,12073
43593,2018-11-28 01:46:24,12138
43593,2018-11-28 01:50:02,12138
43593,2018-11-28 01:51:50,12138
43594,2018-12-02 09:10:07,12073
43594,2018-12-02 09:25:53,12139
43595,2018-12-02 10:22:43,12073
43596,2018-11-19 10:25:37,12075
43596,2018-11-19 10:27:33,12075
43596,2018-11-19 10:45:48,12164
43597,2018-11-20 15:02:47,12075
43597,2018-11-20 15:02:44,12124
43597,2018-11-20 15:02:52,12181
43597,2018-11-20 15:03:19,12192
43598,2018-11-21 21:36:40,12075
43599,2018-11-23 16:23:53,12075
43600,2018-12-01 15:03:15,12075
43600,2018-12-01 15:07:59,12200
43600,2018-12-01 15:23:08,12200
43601,2018-12-06 21:14:07,12075
43601,2018-12-06 21:18:21,12256
43602,2018-12-03 11:11:10,12076
43603,2018-12-07 18:53:59,12076
43604,2018-11-18 12:05:44,12077
43604,2018-11-18 12:09:17,12103
43604,2018-11-18 12:05:12,12237
43604,2018-11-18 12:06:09,12237
43605,2018-12-02 16:53:22,12077
43606,2018-11-27 23:38:46,12078
43607,2018-12-10 19:45:00,12078
43607,2018-12-10 19:45:34,12078
43607,2018-12-10 19:31:48,12159
43607,2018-12-10 19:27:41,12192
43607,2018-12-10 19:26:09,12194
43607,2018-12-10 19:27:53,12194
43608,2018-11-27 13:49:29,12079
43608,2018-12-02 14:23:42,12252
43608,2018-12-02 14:24:38,12252
43609,2018-11-30 17:04:58,12079
43610,2018-12-06 09:39:57,12079
43610,2018-12-06 09:40:39,12099
43610,2018-12-06 09:40:58,12144
43610,2018-12-06 09:40:22,12168
43610,2018-12-06 09:42:44,12198
43610,2018-12-05 19:46:54,12202
43611,2018-12-06 11:50:28,12081
43611,2018-12-06 11:53:21,12081
43611,2018-12-06 11:59:23,12136
43611,2018-12-06 11:57:54,12179
43612,2018-11-30 21:54:16,12082
43612,2018-11-30 21:58:56,12137
43613,2018-12-01 21:01:16,12082
43614,2018-12-15 13:15:20,12083
43615,2018-11-17 00:20:02,12084
43615,2018-11-17 00:20:58,12109
43615,2018-11-17 00:07:08,12222
43616,2018-11-17 10:24:05,12084
43617,2018-11-17 13:06:27,12084
43618,2018-11-17 19:53:56,12084
43618,2018-11-17 19:46:35,12236
43619,2018-11-17 20:26:41,12084
43620,2018-11-18 10:10:46,12084
43621,2018-11-18 11:58:30,12084
43622,2018-11-18 12:06:58,12084
43622,2018-11-18 12:15:14,12084
43623,2018-11-18 14:04:48,12084
43624,2018-11-20 10:07:21,12084
43625,2018-11-21 09:55:26,12084
43625,2018-11-21 10:00:58,12084
43625,2018-11-19 22:53:47,12143
43626,2018-11-21 17:29:13,12084
43626,2018-11-21 17:29:34,12084
43627,2018-11-21 19:01:04,12084
43628,2018-11-22 14:31:36,12084
43629,2018-11-22 19:26:10,12084
43630,2018-11-22 21:20:33,12084
43631,2018-11-23 11:39:35,12084
43631,2018-11-23 12:27:51,12084
43631,2018-11-23 13:47:01,12084
43631,2018-11-23 13:50:30,12084
43631,2018-11-29 08:54:26,12084
43631,2018-11-29 09:00:12,12084
43631,2018-11-29 09:00:47,12084
43631,2018-11-23 11:40:56,12155
43631,2018-11-28 19:20:16,12211
43632,2018-11-23 22:09:08,12084
43633,2018-11-24 18:26:35,12084
43633,2018-11-24 18:29:49,12155
43633,2018-11-24 18:28:42,12161
43634,2018-11-25 21:49:42,12084
43635,2018-11-25 22:07:52,12084
43635,2018-11-25 22:09:17,12143
43636,2018-11-26 12:51:14,12084
43636,2018-11-26 13:00:49,12084
43637,2018-11-26 18:13:21,12084
43637,2018-11-26 18:23:58,12253
43638,2018-11-27 14:46:52,12084
43639,2018-11-27 19:50:36,12084
43640,2018-11-27 20:43:18,12084
43640,2018-11-19 07:51:15,12092
43640,2018-12-06 14:55:06,12098
43640,2018-12-06 20:58:29,12112
43640,2018-12-16 09:58:04,12119
43640,2018-11-20 14:34:08,12133
43640,2018-11-19 20:26:53,12136
43640,2018-12-06 16:00:00,12142
43640,2018-11-20 13:41:56,12160
43640,2018-11-20 14:30:06,12164
43640,2018-12-04 22:23:26,12201
43640,2018-12-04 22:23:47,12203
43640,2018-11-20 14:41:25,12242
43641,2018-11-28 17:33:45,12084
43641,2018-11-19 11:48:57,12092
43641,2018-12-06 18:43:58,12098
43641,2018-11-28 17:43:00,12109
43641,2018-12-13 09:31:32,12112
43641,2018-11-18 23:54:10,12120
43641,2018-11-21 21:35:01,12133
43641,2018-11-20 00:35:24,12136
43641,2018-12-06 18:43:33,12202
43641,2018-12-06 18:45:52,12216
43641,2018-11-28 17:45:41,12247
43641,2018-11-28 17:50:02,12258
43641,2018-11-28 17:51:20,12262
43642,2018-11-29 12:36:04,12084
43642,2018-11-19 15:36:24,12092
43642,2018-12-10 12:50:39,12098
43642,2018-11-21 21:56:14,12113
43642,2018-11-19 00:12:31,12121
43642,2018-11-22 19:20:15,12133
43642,2018-11-20 16:18:31,12136
43642,2018-11-20 16:28:17,12205
43643,2018-11-29 17:00:30,12084
43643,2018-11-21 18:39:43,12092
43643,2018-11-23 19:44:07,12099
43643,2018-11-22 05:47:30,12113
43643,2018-12-11 13:47:26,12121
43643,2018-12-11 13:49:13,12121
43643,2018-11-25 06:39:19,12133
43643,2018-11-21 16:36:30,12136
43643,2018-11-29 16:44:42,12155
43643,2018-12-13 20:06:26,12161
43643,2018-11-23 19:26:36,12204
43643,2018-11-27 11:38:48,12204
43643,2018-12-07 19:51:14,12237
43643,2018-12-15 23:02:53,12237
43643,2018-11-30 17:44:56,12258
43644,2018-12-01 19:18:45,12084
43644,2018-12-01 19:21:52,12084
43644,2018-11-23 00:15:51,12092
43644,2018-12-04 11:27:11,12100
43644,2018-11-22 22:41:45,12113
43644,2018-11-20 16:49:49,12122
43644,2018-12-03 21:13:31,12133
43644,2018-11-21 18:04:23,12136
43644,2018-11-21 18:04:46,12158
43644,2018-11-21 20:39:00,12167
43644,2018-12-01 19:55:48,12177
43644,2018-12-01 19:57:54,12177
43644,2018-11-22 22:35:17,12209
43644,2018-11-22 22:37:56,12209
43644,2018-12-01 13:43:38,12213
43644,2018-12-01 19:29:33,12218
43644,2018-12-01 19:37:24,12218
43644,2018-12-01 19:30:58,12222
43644,2018-12-01 19:32:33,12222
43644,2018-12-01 19:37:21,12222
43644,2018-11-22 22:21:20,12243
43644,2018-11-21 20:41:53,12261
43644,2018-11-21 20:42:20,12261
43645,2018-12-02 13:57:37,12084
43645,2018-11-26 11:27:18,12092
43645,2018-12-12 14:03:55,12101
43645,2018-11-24 00:57:31,12113
43645,2018-11-21 20:11:10,12122
43645,2018-11-21 20:11:51,12122
43645,2018-12-05 15:06:32,12133
43645,2018-11-21 19:35:06,12136
43645,2018-11-26 11:25:55,12156
43645,2018-11-24 00:54:10,12220
43645,2018-11-24 00:57:48,12220
43646,2018-12-04 10:41:01,12084
43647,2018-12-05 18:03:38,12084
43647,2018-12-05 18:19:56,12146
43647,2018-12-05 18:16:09,12172
43648,2018-12-07 22:13:52,12084
43649,2018-12-07 22:23:58,12084
43650,2018-12-08 13:24:14,12084
43651,2018-12-09 17:06:26,12084
43651,2018-12-09 17:04:54,12205
43652,2018-12-10 16:01:32,12084
43652,2018-12-10 16:05:30,12084
43653,2018-12-10 18:45:22,12084
43654,2018-12-11 09:47:16,12084
43655,2018-12-11 15:02:01,12084
43655,2018-12-11 15:11:04,12084
43655,2018-12-12 17:47:58,12084
43656,2018-12-12 13:28:29,12084
43657,2018-12-12 15:12:21,12084
43658,2018-12-12 21:16:07,12084
43659,2018-12-13 03:08:38,12084
43659,2018-12-13 03:10:02,12084
43660,2018-12-15 00:38:10,12084
43660,2018-12-15 00:46:07,12084
43660,2018-12-15 00:27:03,12103
43660,2018-12-15 00:43:33,12109
43660,2018-12-15 01:04:11,12146
43660,2018-12-15 01:11:04,12146
43661,2018-12-16 19:58:09,12084
43661,2018-12-16 20:35:47,12155
43662,2018-11-21 06:50:04,12085
43663,2018-11-26 12:48:26,12085
43664,2018-12-06 12:33:24,12085
43664,2018-12-06 13:07:04,12187
43664,2018-12-06 12:45:04,12242
43665,2018-12-08 09:50:21,12085
43666,2018-12-09 13:25:49,12085
43667,2018-11-23 21:02:35,12086
43668,2018-12-12 23:32:20,12086
43669,2018-12-14 15:40:48,12086
43670,2018-12-15 21:22:13,12086
43670,2018-12-15 21:28:05,12086
43670,2018-12-15 21:33:26,12127
43671,2018-11-20 12:48:10,12088
43671,2018-11-20 12:52:59,12145
43671,2018-11-20 13:11:12,12145
43672,2018-11-21 16:59:38,12088
43673,2018-11-24 21:40:56,12088
43674,2018-11-29 12:58:59,12088
43674,2018-11-29 12:53:42,12164
43675,2018-12-06 00:52:47,12088
43676,2018-12-07 13:31:56,12088
43677,2018-12-09 10:32:08,12088
43677,2018-12-09 10:17:33,12150
43678,2018-12-13 14:12:45,12088
43678,2018-12-13 14:14:55,12133
43678,2018-12-13 14:13:19,12177
43679,2018-12-09 11:54:05,12089
43679,2018-12-09 11:47:18,12143
43680,2018-11-17 18:42:47,12090
43680,2018-11-17 18:44:56,12090
43681,2018-11-17 23:14:12,12090
43682,2018-11-24 22:15:19,12090
43683,2018-11-17 23:03:27,12091
43684,2018-11-21 22:16:08,12091
43684,2018-11-21 22:14:18,12153
43684,2018-11-21 22:16:17,12153
43685,2018-12-09 11:30:18,12091
43686,2018-12-09 13:13:10,12091
43686,2018-12-09 13:12:59,12126
43687,2018-11-26 15:50:24,12092
43688,2018-12-02 14:56:45,12092
43688,2018-12-02 14:57:53,12092
43689,2018-12-02 20:55:48,12092
43690,2018-12-02 23:06:55,12092
43690,2018-12-02 23:08:23,12092
43691,2018-12-03 01:12:15,12092
43691,2018-12-03 01:14:20,12136
43691,2018-12-03 09:19:26,12145
43691,2018-12-03 09:24:42,12145
43691,2018-11-23 13:02:01,12234
43692,2018-12-04 20:45:44,12092
43692,2018-12-04 21:01:59,12234
43693,2018-12-04 22:21:14,12092
43694,2018-12-05 11:24:26,12092
43695,2018-12-08 20:03:45,12092
43696,2018-12-08 21:51:29,12092
43697,2018-12-10 11:14:34,12092
43698,2018-12-10 22:48:18,12092
43698,2018-12-10 22:21:33,12204
43698,2018-12-10 22:24:56,12221
43699,2018-12-11 11:23:08,12092
43700,2018-12-11 21:45:18,12092
43700,2018-11-22 21:48:46,12204
43700,2018-11-22 21:49:37,12221
43701,2018-12-12 15:29:49,12092
43702,2018-12-14 21:56:55,12092
43703,2018-12-15 17:10:43,12092
43704,2018-12-16 17:43:14,12092
43705,2018-11-20 20:24:22,12093
43706,2018-11-22 15:04:57,12093
43706,2018-11-22 15:15:26,12220
43707,2018-12-13 18:16:28,12094
43708,2018-11-20 02:27:01,12095
43709,2018-11-26 19:09:07,12095
43710,2018-11-27 16:53:48,12095
43710,2018-11-27 17:01:28,12095
43710,2018-11-27 17:08:17,12095
43710,2018-11-27 16:56:07,12114
43711,2018-12-02 18:06:18,12095
43711,2018-12-02 18:15:21,12204
43712,2018-12-09 21:59:44,12095
43712,2018-12-09 22:06:49,12131
43713,2018-12-10 20:16:23,12095
43714,2018-11-19 19:29:48,12096
43715,2018-11-21 11:52:16,12096
43716,2018-12-01 07:42:55,12096
43717,2018-12-06 00:16:41,12096
43718,2018-12-09 08:24:48,12096
43719,2018-11-23 22:31:41,12098
43720,2018-11-26 00:47:32,12098
43721,2018-11-29 10:19:19,12098
43721,2018-11-29 10:25:35,12216
43722,2018-11-29 22:53:24,12098
43722,2018-11-29 23:03:55,12099
43722,2018-11-29 23:13:37,12102
43722,2018-11-29 23:02:45,12139
43722,2018-11-29 22:22:05,12167
43722,2018-11-29 22:26:34,12261
43723,2018-12-02 19:46:15,12098
43724,2018-12-05 07:26:44,12098
43725,2018-12-05 18:06:33,12102
43725,2018-12-05 20:12:39,12242
43726,2018-12-10 18:24:46,12102
43727,2018-11-18 23:23:48,12103
43728,2018-11-19 07:32:01,12103
43728,2018-11-19 07:38:19,12103
43728,2018-11-19 07:37:32,12166
43729,2018-11-19 12:36:33,12103
43730,2018-11-21 18:20:16,12103
43730,2018-11-21 18:22:42,12103
43730,2018-11-21 18:26:19,12103
43730,2018-11-21 18:31:32,12103
43730,2018-11-21 18:33:28,12103
43731,2018-11-21 19:54:35,12103
43731,2018-11-21 19:55:44,12103
43731,2018-11-21 20:02:17,12103
43732,2018-11-21 20:00:17,12103
43733,2018-11-21 20:13:10,12103
43733,2018-11-21 19:47:50,12158
43733,2018-11-21 20:09:37,12183
43734,2018-11-22 14:21:35,12103
43735,2018-11-22 16:41:20,12103
43735,2018-11-22 16:50:19,12145
43735,2018-11-22 16:43:15,12226
43735,2018-11-22 16:44:32,12226
43735,2018-11-22 16:47:09,12226
43736,2018-11-23 11:08:54,12103
43737,2018-11-23 14:13:17,12103
43738,2018-11-23 14:18:35,12103
43739,2018-11-23 22:37:25,12103
43739,2018-11-23 22:38:08,12103
43739,2018-11-23 23:02:58,12128
43740,2018-11-24 16:47:49,12103
43741,2018-11-24 20:27:47,12103
43742,2018-11-27 00:11:47,12103
43743,2018-11-27 00:41:51,12103
43743,2018-11-27 00:42:20,12103
43743,2018-11-27 00:53:36,12163
43744,2018-11-27 21:33:17,12103
43744,2018-12-05 16:17:22,12136
43744,2018-11-27 21:44:59,12145
43744,2018-11-27 21:31:41,12204
43744,2018-11-27 21:46:54,12215
43744,2018-12-05 16:14:59,12226
43745,2018-11-27 21:55:09,12103
43745,2018-11-27 21:52:53,12218
43746,2018-11-28 23:05:32,12103
43746,2018-12-03 00:03:40,12248
43747,2018-11-29 14:35:06,12103
43747,2018-12-12 14:05:05,12127
43748,2018-11-29 19:55:01,12103
43748,2018-11-29 19:51:19,12218
43749,2018-11-30 08:00:20,12103
43750,2018-11-30 19:49:29,12103
43751,2018-12-01 08:36:49,12103
43752,2018-12-01 10:10:01,12103
43752,2018-12-01 10:21:03,12140
43752,2018-12-01 10:21:59,12140
43753,2018-12-01 23:26:54,12103
43753,2018-12-01 23:38:20,12182
43754,2018-12-03 11:58:42,12103
43755,2018-12-04 02:16:28,12103
43756,2018-12-04 12:17:36,12103
43756,2018-12-04 20:49:26,12172
43757,2018-12-06 15:54:26,12103
43757,2018-12-06 15:56:15,12103
43757,2018-12-06 15:59:23,12103
43758,2018-12-07 16:10:38,12103
43758,2018-12-07 16:14:55,12103
43759,2018-12-07 17:43:05,12103
43760,2018-12-09 13:40:13,12103
43760,2018-12-09 13:47:28,12103
43761,2018-12-10 12:17:01,12103
43761,2018-12-10 14:19:11,12158
43761,2018-12-10 23:02:38,12183
43762,2018-12-10 12:49:04,12103
43763,2018-12-10 14:35:11,12103
43764,2018-12-10 17:28:38,12103
43764,2018-12-01 10:03:14,12180
43764,2018-12-01 10:07:53,12197
43765,2018-12-11 22:25:46,12103
43765,2018-12-15 12:37:25,12103
43766,2018-12-12 14:29:53,12103
43767,2018-12-12 15:17:51,12103
43768,2018-12-12 16:50:17,12103
43768,2018-12-12 16:51:18,12103
43769,2018-12-12 17:49:32,12103
43770,2018-12-14 13:52:02,12103
43770,2018-12-14 13:44:55,12234
43771,2018-12-15 12:32:12,12103
43772,2018-12-15 13:16:41,12103
43772,2018-12-15 13:19:30,12103
43772,2018-12-15 13:21:08,12103
43772,2018-12-15 13:39:13,12103
43772,2018-12-15 17:10:57,12103
43773,2018-12-15 23:09:28,12103
43773,2018-12-15 23:11:22,12204
43773,2018-12-15 23:13:03,12204
43774,2018-12-16 00:37:22,12103
43775,2018-12-16 17:55:26,12103
43776,2018-12-07 02:00:33,12104
43777,2018-11-22 14:11:46,12105
43778,2018-11-30 11:00:06,12105
43779,2018-11-23 18:02:56,12106
43779,2018-11-23 17:53:24,12107
43779,2018-11-23 18:36:10,12187
43779,2018-11-23 18:06:22,12209
43780,2018-11-29 18:18:37,12106
43780,2018-11-29 18:15:04,12125
43780,2018-11-29 18:12:33,12140
43780,2018-11-29 18:16:19,12187
43780,2018-12-09 11:56:41,12257
43781,2018-12-02 10:33:54,12106
43782,2018-12-06 07:34:07,12106
43782,2018-12-06 07:45:37,12106
43783,2018-12-07 05:17:58,12106
43784,2018-12-08 20:00:32,12106
43784,2018-12-08 18:44:52,12264
43784,2018-12-08 19:29:26,12264
43785,2018-12-16 21:48:41,12106
43785,2018-12-14 23:54:47,12165
43785,2018-12-16 21:46:36,12188
43785,2018-12-14 23:44:51,12239
43785,2018-12-16 21:40:25,12239
43786,2018-11-29 22:29:28,12107
43787,2018-12-01 08:44:33,12107
43788,2018-12-15 23:11:38,12107
43789,2018-12-09 14:24:46,12108
43790,2018-11-18 14:57:16,12109
43790,2018-12-03 13:35:42,12204
43791,2018-11-19 13:29:25,12109
43791,2018-11-19 12:03:45,12172
43791,2018-11-19 12:14:38,12172
43791,2018-11-19 13:02:13,12221
43791,2018-11-19 13:02:44,12221
43792,2018-11-22 23:01:20,12109
43792,2018-11-24 00:08:41,12109
43792,2018-11-24 00:06:30,12121
43792,2018-11-24 00:07:16,12153
43792,2018-11-24 00:01:55,12164
43793,2018-11-22 23:38:33,12109
43794,2018-11-23 18:22:37,12109
43795,2018-11-26 10:22:17,12109
43796,2018-11-26 14:11:23,12109
43796,2018-11-26 14:21:43,12155
43797,2018-11-26 21:17:49,12109
43798,2018-11-29 19:43:32,12109
43798,2018-11-29 19:20:22,12122
43798,2018-11-29 19:24:06,12122
43798,2018-11-29 19:30:10,12122
43798,2018-11-29 19:24:14,12164
43798,2018-11-29 19:21:12,12232
43799,2018-11-29 20:21:00,12109
43800,2018-12-05 10:45:13,12109
43800,2018-12-05 17:59:22,12109
43801,2018-12-07 16:00:47,12109
43802,2018-12-09 11:35:48,12109
43802,2018-12-09 11:57:48,12109
43802,2018-12-09 12:27:13,12109
43802,2018-12-10 17:03:37,12109
43802,2018-12-10 16:21:41,12221
43803,2018-12-09 22:58:53,12109
43804,2018-12-10 11:31:03,12109
43805,2018-12-10 13:40:30,12109
43806,2018-12-11 22:24:08,12109
43806,2018-12-11 22:33:25,12259
43806,2018-12-11 22:37:47,12259
43807,2018-12-16 11:13:21,12109
43808,2018-11-19 15:10:48,12110
43809,2018-11-29 20:00:22,12110
43810,2018-12-07 20:54:16,12110
43810,2018-11-27 12:16:29,12217
43811,2018-11-25 03:36:34,12112
43811,2018-11-25 03:46:36,12264
43811,2018-11-25 03:48:54,12264
43812,2018-11-26 12:16:37,12112
43812,2018-11-26 12:02:38,12253
43813,2018-11-27 15:13:57,12112
43814,2018-12-05 07:29:16,12112
43814,2018-12-10 01:08:21,12216
43814,2018-12-04 00:19:21,12249
43815,2018-11-25 00:36:08,12113
43816,2018-11-28 17:08:22,12113
43816,2018-11-28 17:04:56,12114
43816,2018-11-28 17:24:21,12114
43817,2018-11-28 22:48:00,12113
43818,2018-12-01 16:49:06,12113
43819,2018-12-03 09:40:41,12113
43820,2018-12-03 18:30:31,12113
43820,2018-12-03 18:31:29,12113
43820,2018-12-03 18:23:27,12254
43821,2018-12-08 13:56:50,12113
43822,2018-12-09 09:37:11,12113
43822,2018-12-09 09:38:56,12113
43823,2018-12-11 15:48:10,12113
43823,2018-12-11 15:51:14,12113
43823,2018-12-11 15:52:08,12113
43823,2018-12-11 16:01:21,12113
43823,2018-12-11 16:07:03,12113
43823,2018-12-11 15:58:21,12114
43823,2018-12-11 16:01:39,12114
43823,2018-12-11 16:06:44,12114
43824,2018-12-11 16:55:04,12113
43824,2018-12-11 16:59:26,12113
43824,2018-12-11 16:56:17,12114
43824,2018-12-11 16:59:52,12114
43825,2018-12-12 15:47:27,12113
43826,2018-11-29 18:25:34,12114
43827,2018-12-03 22:32:59,12114
43827,2018-12-03 22:55:08,12226
43828,2018-12-09 16:44:14,12114
43828,2018-12-09 18:06:22,12114
43829,2018-12-09 21:36:17,12114
43829,2018-12-10 12:32:36,12114
43829,2018-12-10 13:07:53,12114
43829,2018-12-10 13:23:54,12114
43830,2018-12-14 20:10:31,12114
43830,2018-12-14 20:08:26,12141
43830,2018-12-14 20:10:19,12141
43830,2018-12-14 20:10:40,12141
43830,2018-12-14 20:11:20,12141
43830,2018-12-14 20:16:23,12183
43831,2018-11-21 20:52:33,12115
43831,2018-11-17 17:11:44,12192
43832,2018-11-26 10:11:38,12116
43833,2018-12-03 13:46:02,12116
43834,2018-11-27 00:15:39,12117
43834,2018-11-27 00:18:08,12117
43834,2018-12-05 08:51:58,12117
43835,2018-12-04 13:31:17,12117
43835,2018-12-04 13:35:43,12117
43835,2018-12-04 13:40:47,12117
43835,2018-12-04 13:42:05,12117
43836,2018-11-18 13:39:15,12118
43836,2018-11-18 13:32:21,12139
43837,2018-11-18 19:41:34,12119
43837,2018-11-22 17:11:20,12119
43837,2018-11-22 17:01:14,12125
43837,2018-11-22 22:10:10,12153
43838,2018-11-21 15:07:21,12119
43838,2018-11-21 15:06:13,12163
43839,2018-11-21 18:45:07,12119
43839,2018-11-21 19:19:38,12136
43840,2018-11-23 10:26:13,12119
43841,2018-11-23 18:56:53,12119
43842,2018-11-28 17:38:40,12119
43842,2018-11-28 17:32:13,12163
43842,2018-11-28 17:36:45,12163
43842,2018-11-28 17:56:56,12202
43843,2018-11-30 11:27:05,12119
43844,2018-12-02 21:33:01,12119
43844,2018-12-02 21:26:35,12136
43845,2018-12-03 10:05:23,12119
43846,2018-12-03 10:15:08,12119
43847,2018-12-03 10:16:03,12119
43848,2018-12-03 10:22:56,12119
43849,2018-12-03 10:30:15,12119
43849,2018-12-03 10:32:58,12119
43850,2018-12-03 10:33:01,12119
43851,2018-12-03 15:23:38,12119
43852,2018-12-03 15:56:54,12119
43853,2018-12-04 00:02:51,12119
43854,2018-12-08 10:38:57,12119
43854,2018-12-08 10:40:21,12204
43855,2018-12-08 17:57:25,12119
43855,2018-12-08 17:52:38,12152
43855,2018-12-08 17:53:53,12152
43856,2018-12-11 17:46:56,12119
43857,2018-12-12 13:34:47,12119
43857,2018-12-12 13:30:07,12150
43858,2018-12-12 16:55:58,12119
43858,2018-12-12 16:37:25,12152
43858,2018-12-12 16:46:46,12152
43859,2018-12-13 14:38:41,12119
43860,2018-12-15 17:19:07,12119
43861,2018-11-26 15:07:30,12122
43862,2018-12-06 13:06:10,12122
43863,2018-12-08 07:05:33,12122
43864,2018-12-12 19:30:39,12122
43865,2018-12-10 09:13:27,12123
43866,2018-11-18 12:41:25,12124
43866,2018-11-18 12:40:29,12259
43867,2018-11-21 20:26:31,12124
43868,2018-11-23 19:03:36,12125
43869,2018-12-08 15:23:16,12125
43870,2018-11-29 22:43:13,12126
43871,2018-12-04 18:58:32,12126
43872,2018-11-22 17:18:44,12127
43873,2018-11-24 20:59:25,12127
43874,2018-11-28 00:09:58,12127
43874,2018-11-27 18:27:29,12161
43874,2018-11-28 00:03:48,12240
43874,2018-11-28 00:12:16,12251
43874,2018-11-27 18:32:12,12254
43875,2018-12-07 19:00:17,12127
43875,2018-12-07 18:55:30,12230
43876,2018-12-08 18:46:37,12127
43877,2018-12-09 10:27:09,12127
43878,2018-12-12 19:36:38,12127
43879,2018-11-25 01:09:11,12128
43880,2018-12-09 01:02:53,12128
43881,2018-12-09 20:10:58,12128
43881,2018-12-09 20:23:48,12252
43882,2018-11-19 12:34:02,12129
43883,2018-12-13 22:22:08,12130
43883,2018-12-13 22:03:23,12142
43883,2018-12-13 21:55:15,12257
43883,2018-12-13 22:22:37,12262
43884,2018-12-15 14:52:50,12130
43885,2018-11-17 00:57:35,12131
43886,2018-11-19 19:40:19,12131
43887,2018-11-20 12:51:46,12131
43888,2018-12-02 14:52:34,12131
43889,2018-12-05 23:24:12,12131
43889,2018-12-05 23:21:36,12138
43889,2018-12-05 23:36:08,12192
43890,2018-12-14 00:28:31,12131
43891,2018-11-19 08:46:13,12132
43892,2018-11-20 13:23:42,12132
43893,2018-11-22 21:44:32,12132
43893,2018-11-22 21:47:17,12132
43894,2018-11-23 19:00:03,12132
43895,2018-12-03 13:50:11,12132
43895,2018-12-03 13:44:33,12152
43896,2018-12-09 08:21:28,12132
43897,2018-11-17 16:58:10,12133
43897,2018-11-17 16:56:14,12227
43898,2018-12-06 10:24:57,12133
43899,2018-12-10 19:50:37,12133
43900,2018-12-11 23:02:15,12133
43901,2018-11-25 17:14:57,12134
43901,2018-11-25 16:11:48,12204
43902,2018-11-27 12:22:53,12134
43902,2018-11-27 11:20:19,12146
43902,2018-11-27 10:43:43,12161
43902,2018-11-27 12:22:09,12245
43902,2018-11-27 11:07:38,12258
43903,2018-12-03 13:29:40,12134
43904,2018-12-06 00:04:29,12134
43904,2018-12-06 00:04:59,12183
43905,2018-12-08 15:37:28,12134
43906,2018-12-11 20:31:23,12134
43907,2018-11-23 18:28:09,12135
43907,2018-11-23 18:29:07,12135
43908,2018-12-01 00:53:57,12135
43908,2018-12-01 00:55:07,12135
43909,2018-12-04 01:05:32,12135
43909,2018-12-04 01:08:49,12135
43909,2018-12-04 01:20:14,12153
43910,2018-12-06 19:23:01,12135
43910,2018-12-06 19:06:46,12158
43911,2018-11-17 08:26:27,12136
43912,2018-11-18 13:01:53,12136
43912,2018-11-19 10:01:21,12136
43912,2018-11-19 09:26:52,12145
43912,2018-11-18 13:06:52,12154
43912,2018-11-18 13:06:08,12182
43912,2018-11-18 13:02:39,12187
43912,2018-11-19 09:28:14,12234
43913,2018-11-18 20:37:10,12136
43914,2018-11-19 06:44:08,12136
43915,2018-11-19 08:03:25,12136
43915,2018-11-19 08:05:48,12136
43915,2018-11-19 09:41:36,12136
43915,2018-11-19 09:41:41,12136
43916,2018-11-19 10:24:53,12136
43917,2018-11-19 19:22:35,12136
43917,2018-11-19 19:18:46,12152
43917,2018-11-19 19:20:03,12227
43918,2018-11-24 19:53:23,12136
43919,2018-11-24 22:02:42,12136
43920,2018-11-25 18:14:35,12136
43921,2018-11-25 18:42:35,12136
43922,2018-11-27 00:10:57,12136
43922,2018-11-27 00:12:08,12254
43923,2018-11-28 12:26:07,12136
43923,2018-11-28 12:21:43,12247
43924,2018-11-28 19:28:52,12136
43925,2018-11-30 00:08:38,12136
43926,2018-11-30 20:59:43,12136
43926,2018-11-30 21:06:22,12136
43927,2018-12-01 07:53:50,12136
43928,2018-12-01 18:27:16,12136
43928,2018-11-30 22:44:22,12227
43928,2018-11-30 22:41:04,12262
43928,2018-11-30 22:42:01,12262
43929,2018-12-03 00:18:24,12136
43929,2018-12-03 00:24:39,12136
43929,2018-12-03 00:29:23,12136
43930,2018-12-03 06:06:15,12136
43931,2018-12-03 17:46:07,12136
43932,2018-12-03 21:37:05,12136
43933,2018-12-04 16:38:35,12136
43934,2018-12-06 11:05:24,12136
43934,2018-12-06 11:15:11,12154
43934,2018-12-06 11:06:30,12187
43935,2018-12-07 10:16:42,12136
43936,2018-12-07 16:33:56,12136
43937,2018-12-07 22:09:20,12136
43937,2018-12-04 18:05:46,12145
43937,2018-12-04 18:04:35,12226
43938,2018-12-07 23:21:53,12136
43939,2018-12-08 17:22:08,12136
43940,2018-12-09 13:35:24,12136
43941,2018-12-09 18:34:21,12136
43942,2018-12-10 21:44:13,12136
43943,2018-12-12 09:59:18,12136
43944,2018-12-12 15:33:16,12136
43945,2018-12-12 15:33:16,12136
43945,2018-12-12 15:41:12,12136
43945,2018-12-06 02:18:16,12141
43945,2018-12-08 22:25:40,12143
43945,2018-12-12 15:46:13,12226
43945,2018-12-12 15:47:02,12226
43946,2018-12-12 19:53:19,12136
43947,2018-12-12 19:56:02,12136
43948,2018-12-12 20:30:40,12136
43949,2018-12-13 17:51:28,12136
43950,2018-12-13 23:04:48,12136
43951,2018-12-16 10:29:12,12136
43952,2018-11-21 18:38:36,12137
43952,2018-11-21 18:35:13,12143
43952,2018-11-21 18:24:43,12153
43953,2018-11-27 10:42:18,12137
43953,2018-11-27 10:37:12,12153
43953,2018-11-27 10:30:42,12253
43954,2018-11-30 17:12:01,12137
43955,2018-12-04 12:12:41,12137
43956,2018-11-17 18:20:23,12138
43956,2018-11-30 18:50:40,12224
43957,2018-11-18 18:44:25,12138
43958,2018-11-23 19:18:32,12138
43959,2018-11-28 21:09:13,12138
43960,2018-12-06 17:23:33,12138
43961,2018-12-09 15:38:45,12138
43961,2018-12-09 15:36:24,12177
43962,2018-11-26 15:23:39,12139
43962,2018-11-23 07:17:24,12145
43963,2018-11-29 13:43:10,12139
43964,2018-12-07 16:23:52,12139
43964,2018-12-07 16:29:52,12250
43965,2018-12-12 10:44:47,12139
43965,2018-12-12 10:41:24,12262
43966,2018-11-21 18:05:21,12140
43967,2018-11-28 18:32:01,12141
43967,2018-11-28 18:23:11,12182
43967,2018-11-28 18:27:14,12182
43967,2018-11-28 18:29:41,12182
43967,2018-11-28 18:30:10,12182
43968,2018-11-29 10:26:32,12141
43969,2018-12-03 13:21:42,12141
43970,2018-12-05 12:13:11,12141
43971,2018-12-07 15:51:41,12142
43971,2018-12-07 15:54:24,12142
43971,2018-12-07 15:52:33,12244
43971,2018-12-07 15:54:18,12244
43972,2018-12-07 21:58:26,12142
43973,2018-12-11 21:27:02,12142
43974,2018-12-16 23:04:19,12142
43974,2018-12-16 23:03:07,12182
43974,2018-12-16 23:14:42,12257
43975,2018-11-18 13:37:26,12143
43975,2018-11-18 13:39:16,12172
43976,2018-11-19 23:57:09,12143
43976,2018-11-19 23:58:08,12143
43976,2018-11-23 23:28:57,12145
43976,2018-11-23 23:29:46,12234
43977,2018-11-20 19:05:00,12143
43977,2018-11-20 19:14:11,12143
43977,2018-11-20 19:05:17,12172
43977,2018-11-20 19:11:19,12172
43977,2018-11-20 19:14:07,12172
43978,2018-11-21 16:50:38,12143
43978,2018-11-21 16:52:42,12211
43978,2018-11-21 16:48:46,12253
43979,2018-11-21 18:37:47,12143
43980,2018-11-21 19:25:16,12143
43980,2018-11-21 19:27:41,12143
43980,2018-11-21 19:33:43,12143
43980,2018-11-21 19:25:58,12172
43981,2018-11-21 19:55:12,12143
43981,2018-11-21 19:57:06,12143
43982,2018-11-21 23:03:24,12143
43983,2018-11-22 13:50:33,12143
43984,2018-11-23 16:08:21,12143
43985,2018-11-23 16:52:13,12143
43985,2018-11-23 16:42:37,12228
43986,2018-11-28 11:47:56,12143
43987,2018-11-30 18:16:53,12143
43988,2018-12-02 20:40:28,12143
43989,2018-12-03 13:59:18,12143
43990,2018-12-05 12:09:08,12143
43990,2018-12-05 12:10:34,12143
43991,2018-12-06 16:42:46,12143
43992,2018-12-07 00:03:45,12143
43992,2018-12-07 00:06:37,12143
43992,2018-12-07 00:02:38,12224
43992,2018-12-07 00:06:40,12224
43993,2018-12-07 20:17:43,12143
43994,2018-12-08 04:57:28,12143
43994,2018-12-08 04:56:15,12172
43995,2018-12-08 17:24:43,12143
43996,2018-12-10 14:37:11,12143
43997,2018-12-10 19:05:08,12143
43998,2018-12-12 14:28:41,12143
43999,2018-12-12 18:47:28,12143
44000,2018-12-12 21:10:35,12143
44001,2018-12-13 03:30:31,12143
44002,2018-12-15 17:41:35,12143
44003,2018-11-19 18:55:11,12144
44003,2018-11-19 18:59:37,12179
44004,2018-11-21 20:38:34,12144
44004,2018-11-21 20:42:55,12161
44005,2018-11-24 13:10:48,12144
44006,2018-11-28 01:26:57,12144
44006,2018-11-28 01:24:09,12161
44007,2018-12-02 18:58:41,12144
44007,2018-12-02 18:54:50,12146
44007,2018-12-02 19:01:08,12156
44007,2018-12-02 18:58:22,12161
44007,2018-12-02 18:59:30,12161
44007,2018-12-02 18:54:03,12172
44008,2018-12-03 14:19:57,12144
44009,2018-12-04 21:03:56,12144
44010,2018-12-05 14:48:24,12144
44011,2018-12-10 00:49:16,12144
44011,2018-12-10 00:47:36,12172
44011,2018-12-10 00:56:17,12211
44012,2018-12-10 11:17:27,12144
44012,2018-12-10 11:42:00,12144
44012,2018-12-10 17:02:22,12144
44013,2018-11-18 00:40:00,12145
44014,2018-11-19 08:38:47,12145
44015,2018-11-22 13:11:10,12145
44016,2018-12-05 08:41:24,12145
44017,2018-12-13 17:44:14,12145
44018,2018-12-15 15:11:51,12145
44019,2018-11-27 11:37:21,12146
44020,2018-12-06 23:58:14,12146
44021,2018-12-08 09:32:03,12146
44022,2018-12-08 13:26:12,12146
44023,2018-12-09 21:39:22,12146
44024,2018-12-10 11:16:19,12146
44025,2018-12-14 15:50:06,12146
44026,2018-11-21 21:14:27,12147
44027,2018-11-26 18:00:07,12147
44028,2018-11-28 13:19:23,12147
44029,2018-12-04 17:24:03,12147
44030,2018-12-10 23:12:53,12147
44030,2018-12-10 23:12:39,12248
44031,2018-12-12 19:52:02,12147
44031,2018-12-12 19:52:57,12147
44032,2018-11-18 12:15:19,12150
44033,2018-11-22 13:47:10,12150
44034,2018-11-23 17:19:43,12150
44035,2018-11-28 19:51:41,12150
44036,2018-12-05 19:00:55,12150
44037,2018-12-06 20:37:49,12150
44037,2018-12-06 19:26:15,12253
44038,2018-12-07 18:25:49,12150
44039,2018-12-12 06:55:27,12150
44040,2018-12-12 18:46:57,12150
44041,2018-12-12 18:52:29,12150
44042,2018-12-13 11:26:12,12150
44043,2018-11-22 13:12:11,12151
44044,2018-12-04 11:37:39,12151
44045,2018-11-17 02:19:02,12152
44046,2018-11-17 20:31:47,12152
44047,2018-11-20 15:31:24,12152
44048,2018-11-21 18:37:16,12152
44049,2018-11-21 19:33:11,12152
44049,2018-11-21 19:26:58,12215
44050,2018-11-21 22:20:14,12152
44051,2018-11-24 19:53:55,12152
44051,2018-11-24 19:55:19,12152
44051,2018-11-26 08:17:44,12152
44051,2018-11-26 08:19:00,12152
44052,2018-11-24 23:02:34,12152
44052,2018-11-24 22:57:42,12254
44053,2018-11-25 09:49:17,12152
44053,2018-11-25 09:59:34,12152
44054,2018-11-25 17:00:51,12152
44054,2018-11-25 17:02:02,12152
44054,2018-11-25 17:03:06,12152
44055,2018-11-26 12:40:30,12152
44056,2018-11-27 00:50:37,12152
44056,2018-11-27 00:51:59,12250
44057,2018-11-27 08:43:50,12152
44057,2018-11-27 08:45:37,12152
44057,2018-11-27 08:56:52,12152
44057,2018-11-27 08:57:38,12152
44058,2018-11-27 22:41:46,12152
44058,2018-11-27 22:45:36,12248
44059,2018-12-02 04:44:26,12152
44059,2018-12-02 04:43:31,12226
44060,2018-12-04 21:27:25,12152
44060,2018-12-04 21:17:03,12221
44060,2018-12-04 21:17:27,12221
44060,2018-12-04 21:18:35,12221
44061,2018-12-05 17:15:19,12152
44061,2018-12-05 17:26:32,12178
44062,2018-12-05 22:56:39,12152
44062,2018-12-08 17:53:48,12152
44063,2018-12-06 01:11:04,12152
44064,2018-12-08 12:09:09,12152
44065,2018-12-11 22:50:30,12152
44066,2018-12-11 23:57:50,12152
44066,2018-12-12 00:01:02,12152
44067,2018-12-13 10:27:25,12152
44068,2018-11-17 01:22:59,12153
44068,2018-11-17 01:16:02,12258
44069,2018-11-18 16:43:52,12153
44070,2018-11-18 19:57:35,12153
44071,2018-11-20 15:39:06,12153
44071,2018-11-20 12:25:43,12187
44071,2018-11-20 22:12:15,12204
44072,2018-11-24 22:33:07,12153
44073,2018-11-28 00:07:46,12153
44074,2018-12-05 10:42:01,12153
44075,2018-12-14 11:01:50,12153
44075,2018-12-14 11:09:40,12217
44076,2018-12-14 13:19:07,12153
44077,2018-11-19 19:38:39,12154
44078,2018-11-23 00:51:02,12154
44078,2018-11-23 00:30:44,12163
44078,2018-11-23 00:38:25,12163
44078,2018-11-23 00:42:27,12163
44078,2018-11-23 00:45:00,12163
44078,2018-11-23 00:45:13,12163
44078,2018-11-23 00:49:15,12163
44078,2018-11-23 00:49:34,12163
44078,2018-11-26 18:19:24,12163
44079,2018-11-29 17:08:15,12154
44080,2018-12-04 01:05:57,12154
44081,2018-12-07 16:19:15,12154
44081,2018-12-07 16:20:46,12154
44081,2018-12-07 16:20:21,12163
44082,2018-12-12 11:31:56,12154
44083,2018-12-12 12:15:49,12154
44084,2018-12-13 12:27:57,12154
44085,2018-11-17 19:38:20,12155
44086,2018-11-19 17:47:55,12155
44087,2018-11-19 18:03:34,12155
44088,2018-11-24 23:11:55,12155
44088,2018-11-24 23:17:01,12258
44089,2018-11-25 09:24:32,12155
44089,2018-11-25 09:25:25,12155
44090,2018-11-30 20:22:47,12155
44091,2018-12-02 22:12:12,12155
44091,2018-12-02 22:25:48,12155
44091,2018-12-02 22:14:00,12172
